{
  "systemSettings": [
    {
      "title": "用户管理",
      "icon": "&#xe612;",
      "href": "/Manager/Index",
      "spread": false
    },
    {
      "title": "角色管理",
      "icon": "icon-vip",
      "href": "/ManagerRole/Index",
      "spread": false
    },
    {
      "title": "菜单管理",
      "icon": "icon-vip",
      "href": "/Menu/Index",
      "spread": false
    }
  ],
  "contentManagement": [
    {
      "title": "文章列表",
      "icon": "icon-text",
      "href": "page/news/newsList.html",
      "spread": false
    },
    {
      "title": "图片管理",
      "icon": "&#xe634;",
      "href": "page/img/images.html",
      "spread": false
    },
    {
      "title": "其他页面",
      "icon": "&#xe630;",
      "href": "",
      "spread": false,
      "children": [
        {
          "title": "404页面",
          "icon": "&#xe61c;",
          "href": "page/404.html",
          "spread": false
        },
        {
          "title": "登录",
          "icon": "&#xe609;",
          "href": "page/login/login.html",
          "spread": false,
          "target": "_blank"
        }
      ]
    }
  ],
  "seraphApi": [
    {
      "title": "三级联动模块",
      "icon": "icon-mokuai",
      "href": "page/doc/addressDoc.html",
      "spread": false
    },
    {
      "title": "bodyTab模块",
      "icon": "icon-mokuai",
      "href": "page/doc/bodyTabDoc.html",
      "spread": false
    },
    {
      "title": "三级菜单",
      "icon": "icon-mokuai",
      "href": "page/doc/navDoc.html",
      "spread": false
    }
  ]
}


